2011/01/11,19:15,accumsan felis ut at dolor quis odio,3
2012/01/15,11:56,consectetuer adipiscing elit proin risus praesent lectus,8
2013/01/05,10:04,sem sed sagittis,4
2014/11/07,17:45,diam cras pellentesque volutpat dui,3
2015/01/24,12:10,vehicula condimentum curabitur in,1
2016/01/16,13:00,nulla mollis molestie lorem quisque ut erat,11
2017/11/06,12:17,pulvinar nulla pede ullamcorper augue a suscipit,2
2018/01/23,12:37,neque sapien placerat ante nulla justo,7
2019/11/05,20:23,id ornare imperdiet sapien urna,6
2011/02/26,21:49,sed lacus morbi sem mauris laoreet ut,5
2012/02/11,19:15,accumsan felis ut at dolor quis odio,3
2013/02/15,11:56,consectetuer adipiscing elit proin risus praesent lectus,4
2014/02/05,10:04,sem sed sagittis,5
2015/02/07,17:45,diam cras pellentesque volutpat dui,6
2016/02/24,12:10,vehicula condimentum curabitur in,7
2017/02/16,13:00,nulla mollis molestie lorem quisque ut erat,12
2018/02/06,12:17,pulvinar nulla pede ullamcorper augue a suscipit,1
2019/02/23,12:37,neque sapien placerat ante nulla justo,11
2011/03/05,20:23,id ornare imperdiet sapien urna,13
2012/03/26,21:49,sed lacus morbi sem mauris laoreet ut,2
2019/02/11,19:15,accumsan felis ut at dolor quis odio,10
2013/03/15,11:56,consectetuer adipiscing elit proin risus praesent lectus,5
2014/03/05,10:04,sem sed sagittis,6
2015/03/07,17:45,diam cras pellentesque volutpat dui,3
2016/03/24,12:10,vehicula condimentum curabitur in,9
2017/03/16,13:00,nulla mollis molestie lorem quisque ut erat,21
2018/03/06,12:17,pulvinar nulla pede ullamcorper augue a suscipit,1
2019/03/23,12:37,neque sapien placerat ante nulla justo,3
2011/04/05,20:23,id ornare imperdiet sapien urna,44
2012/04/26,21:49,sed lacus morbi sem mauris laoreet ut,5
2013/04/11,19:15,accumsan felis ut at dolor quis odio,6
2014/04/15,11:56,consectetuer adipiscing elit proin risus praesent lectus,7
2015/04/05,10:04,sem sed sagittis,8
2016/04/07,17:45,diam cras pellentesque volutpat dui,9
2017/04/24,12:10,vehicula condimentum curabitur in,20
2018/04/16,13:00,nulla mollis molestie lorem quisque ut erat,11
2019/04/06,12:17,pulvinar nulla pede ullamcorper augue a suscipit,2
2011/05/23,12:37,neque sapien placerat ante nulla justo,1
2012/05/05,20:23,id ornare imperdiet sapien urna,4
2013/05/26,21:49,sed lacus morbi sem mauris laoreet ut,3